Treatment,ATE,Refutation p,Significant
Anonymity,0.18124655604114037,0.8,False
Question post,-0.22057208658727423,0.84,False
High urgency,0.0705232623941574,0.8999999999999999,False
High confusion,0.1031693888067966,0.98,False
Late response timing,0.11205083341066369,0.8799999999999999,False
