Treatment,Mean ITE,Std ITE,Median ITE
Anonymity,0.11226617437577888,0.5136237177440213,0.14186136286780698
Question post,-0.2998530810818057,0.265671930165368,-0.25568621559769256
High urgency,0.08741202800688026,0.22676092245491625,0.04332387577892845
High confusion,0.031928855056305494,0.29201193564287053,0.06591250493027363
Late response timing,0.07451877771772371,0.1619078917904171,0.07911172930685535
